ID,N_VICTIMAS,AAAA,VICTIMA,ACUSADO,COORDENADAS,SEMESTRE
2016-0001,1,2016,MOTO,AUTO,"-34.68757022, -58.47533969",2016_1
2016-0002,1,2016,AUTO,PASAJEROS,"-34.66977709, -58.50877521",2016_1
2016-0003,1,2016,MOTO,AUTO,"-34.63189362, -58.39040293",2016_1
2016-0004,1,2016,MOTO,SD,"-34.68092974, -58.46503904",2016_1
2016-0005,1,2016,MOTO,PASAJEROS,"-34.62246630, -58.38718297",2016_1
2016-0008,1,2016,MOTO,OBJETO FIJO,"-34.68475866, -58.44451316",2016_1
2016-0009,1,2016,MOTO,AUTO,"-34.60825440, -58.50095869",2016_1
2016-0010,1,2016,MOTO,AUTO,"-34.66977709, -58.50877521",2016_1
2016-0012,1,2016,MOTO,CARGAS,"-34.61303893, -58.38048577",2016_1
2016-0013,1,2016,PEATON,AUTO,"-34.62477387, -58.39114932",2016_1
2016-0015,1,2016,PEATON,AUTO,"-34.59912758, -58.43760020",2016_1
2016-0016,1,2016,MOTO,AUTO,"-34.64291993, -58.36882665",2016_1
2016-0017,1,2016,PEATON,MOTO,"-34.65970435, -58.44989671",2016_1
2016-0019,1,2016,PEATON,PASAJEROS,"-34.65468721, -58.50990884",2016_1
2016-0020,1,2016,PEATON,AUTO,"-34.60653282, -58.37952223",2016_1
2016-0021,1,2016,AUTO,AUTO,"-34.63063795, -58.45157703",2016_1
2016-0022,1,2016,MOTO,AUTO,"-34.61079875, -58.38144696",2016_1
2016-0025,1,2016,AUTO,AUTO,"-34.70524971, -58.46244952",2016_1
2016-0026,1,2016,AUTO,OBJETO FIJO,"-34.54738649, -58.49216191",2016_1
2016-0027,1,2016,AUTO,AUTO,"-34.63852623, -58.44497874",2016_1
2016-0028,1,2016,PEATON,CARGAS,"-34.60028648, -58.38199706",2016_1
2016-0029,1,2016,PEATON,PASAJEROS,"-34.54153077, -58.47378664",2016_1
2016-0031,1,2016,MOTO,PASAJEROS,"-34.69843756, -58.47064556",2016_1
2016-0034,1,2016,PEATON,PASAJEROS,"-34.65076549, -58.40623949",2016_1
2016-0035,1,2016,MOTO,PASAJEROS,"-34.60443527, -58.39228965",2016_1
2016-0036,1,2016,MOTO,PASAJEROS,"-34.63668504, -58.37813396",2016_1
2016-0037,1,2016,MOTO,MOTO,"-34.64358293, -58.46275892",2016_1
2016-0038,1,2016,PEATON,PASAJEROS,"-34.67892743, -58.49683458",2016_1
2016-0039,1,2016,MOTO,PASAJEROS,"-34.60883960, -58.40603217",2016_1
2016-0041,2,2016,MOTO,CARGAS,"-34.63350444, -58.46076550",2016_1
2016-0043,1,2016,PEATON,CARGAS,"-34.67494416, -58.47832463",2016_1
2016-0044,1,2016,MOTO,MULTIPLE,"-34.63693953, -58.43213235",2016_1
2016-0045,1,2016,MOTO,SD,"-34.53476874, -58.46743471",2016_1
2016-0047,1,2016,PEATON,PASAJEROS,"-34.62571878, -58.38247061",2016_1
2016-0048,1,2016,PEATON,PASAJEROS,"-34.59170240, -58.44759966",2016_1
2016-0049,1,2016,SD,SD,"-34.63657525428238, -58.37714647568196",2016_1
2016-0050,1,2016,PEATON,PASAJEROS,"-34.68550712, -58.47305463",2016_1
2016-0051,1,2016,MOTO,CARGAS,"-34.65076549, -58.40623949",2016_1
2016-0052,1,2016,MOTO,SD,"., .",2016_1
2016-0053,1,2016,PEATON,PASAJEROS,"-34.57558053, -58.48429180",2016_1
2016-0054,1,2016,MOTO,MOTO,"-34.68795245, -58.48695354",2016_1
2016-0055,1,2016,PEATON,CARGAS,"-34.57964781, -58.40021959",2016_1
2016-0056,1,2016,MOTO,OBJETO FIJO,"-34.57660058, -58.42957885",2016_1
2016-0058,1,2016,PEATON,MOTO,"-34.62556293, -58.38247542",2016_1
2016-0059,1,2016,PEATON,PASAJEROS,"-34.62728101, -58.38222219",2016_1
2016-0064,1,2016,PEATON,PASAJEROS,"-34.62953445, -58.49485242",2016_1
2016-0065,1,2016,PEATON,AUTO,"-34.61068024, -58.45227946",2016_1
2016-0067,1,2016,MOTO,PASAJEROS,"-34.67512760, -58.48455411",2016_1
2016-0068,1,2016,MOTO,PASAJEROS,"-34.58418569, -58.39056593",2016_1
2016-0069,1,2016,AUTO,CARGAS,"-34.62704273, -58.39118948",2016_1
2016-0073,1,2016,MOTO,CARGAS,"-34.62025108, -58.49021952",2016_1
2016-0074,1,2016,AUTO,AUTO,"-34.67732118, -58.49896559",2016_1
2016-0075,1,2016,PEATON,AUTO,"-34.66874679, -58.47461076",2016_1
2016-0076,1,2016,PEATON,PASAJEROS,"-34.60356211, -58.46210891",2016_1
2016-0077,1,2016,PEATON,PASAJEROS,"-34.60536123, -58.37027770",2016_1
2016-0078,1,2016,MOTO,MOTO,"-34.61463830, -58.40491455",2016_1
2016-0079,1,2016,AUTO,AUTO,"-34.54864492, -58.45504154",2016_1
2016-0080,1,2016,AUTO,SD,"-34.63931752, -58.52927982",2016_1
2016-0081,1,2016,MOTO,AUTO,"-34.55904606, -58.48721060",2016_1
2016-0082,1,2016,PEATON,AUTO,"-34.64228803, -58.42273092",2016_1
2016-0083,1,2016,PEATON,MOTO,"-34.62539009, -58.44788671",2016_1
2016-0084,1,2016,PEATON,PASAJEROS,"-34.60135531, -58.38110563",2016_1
2016-0085,1,2016,MOTO,OTRO,"-34.65734100, -58.42378834",2016_1
2016-0086,1,2016,PEATON,PASAJEROS,"-34.63652467, -58.48727942",2016_1
2016-0087,1,2016,MOTO,OBJETO FIJO,"-34.62907067, -58.37864583",2016_2
2016-0088,1,2016,PEATON,AUTO,"-34.56767549, -58.50151750",2016_2
2016-0089,1,2016,PEATON,AUTO,"-34.55185825, -58.43233425",2016_2
2016-0090,1,2016,PEATON,PASAJEROS,"-34.61112240, -58.41971993",2016_2
2016-0092,1,2016,MOTO,CARGAS,"-34.53476874, -58.46743471",2016_2
2016-0093,1,2016,AUTO,AUTO,"-34.62301748, -58.44362126",2016_2
2016-0095,1,2016,MOTO,AUTO,"-34.59546519, -58.51713095",2016_2
2016-0096,1,2016,MOTO,CARGAS,"-34.66684950051973, -58.47433193007387",2016_2
2016-0097,1,2016,PEATON,AUTO,"-34.61562810, -58.39038605",2016_2
2016-0098,1,2016,MOTO,CARGAS,"-34.62356174, -58.40042405",2016_2
2016-0099,1,2016,CARGAS,CARGAS,"-34.59798754, -58.52340614",2016_2
2016-0100,1,2016,MOTO,OBJETO FIJO,"-34.54795581, -58.49491054",2016_2
2016-0101,1,2016,SD,SD,"-34.65014993, -58.52932872",2016_2
2016-0102,1,2016,MOTO,CARGAS,"-34.67316502, -58.50011639",2016_2
2016-0104,1,2016,MOTO,PASAJEROS,"-34.65624369, -58.46635001",2016_2
2016-0105,1,2016,PEATON,PASAJEROS,"-34.58435809, -58.45343236",2016_2
2016-0106,1,2016,PEATON,PASAJEROS,"-34.58927731, -58.38090932",2016_2
2016-0107,1,2016,MOTO,AUTO,"-34.65429986, -58.37157668",2016_2
2016-0109,1,2016,AUTO,OBJETO FIJO,"-34.63659934, -58.52280139",2016_2
2016-0110,1,2016,PEATON,SD,"-34.65903530, -58.51232237",2016_2
2016-0111,1,2016,MOTO,CARGAS,"-34.57663634, -58.47461905",2016_2
2016-0112,1,2016,MOTO,OBJETO FIJO,"-34.62282019, -58.38268809",2016_2
2016-0113,1,2016,PEATON,PASAJEROS,"-34.64564271, -58.49603546",2016_2
2016-0114,1,2016,BICICLETA,CARGAS,"-34.59394733, -58.41848605",2016_2
2016-0115,1,2016,SD,CARGAS,"-34.54917673, -58.48935041",2016_2
2016-0116,1,2016,MOTO,AUTO,"-34.68475866, -58.44451316",2016_2
2016-0117,1,2016,AUTO,AUTO,"-34.58271474, -58.39936478",2016_2
2016-0118,1,2016,AUTO,AUTO,"-34.62694503, -58.37936704",2016_2
2016-0119,1,2016,SD,SD,"-34.56353635, -58.49659234",2016_2
2016-0122,1,2016,BICICLETA,PASAJEROS,"-34.65194557, -58.47256391",2016_2
2016-0123,1,2016,MOTO,AUTO,"-34.64053676, -58.45130953",2016_2
2016-0124,1,2016,PEATON,PASAJEROS,"-34.62884871, -58.46271207",2016_2
2016-0125,1,2016,MOTO,MOTO,"-34.64243791, -58.49020869",2016_2
2016-0126,2,2016,AUTO,CARGAS,"-34.62125906, -58.52572109",2016_2
2016-0127,1,2016,PEATON,PASAJEROS,"-34.66677111, -58.44094791",2016_2
2016-0128,1,2016,PEATON,PASAJEROS,"-34.63053890, -58.41914024",2016_2
2016-0130,1,2016,MOTO,CARGAS,"-34.62764717, -58.37910942",2016_2
2016-0131,1,2016,PEATON,AUTO,"-34.64539318, -58.39871183",2016_2
2016-0132,1,2016,AUTO,PASAJEROS,"-34.62477021, -58.41036975",2016_2
2016-0133,1,2016,MOTO,AUTO,"-34.58342690, -58.40204698",2016_2
2016-0134,1,2016,MOTO,OBJETO FIJO,"-34.67648597, -58.48935287",2016_2
2016-0135,1,2016,PEATON,SD,"-34.56403694, -58.42260225",2016_2
2016-0136,1,2016,MOTO,CARGAS,"., .",2016_2
2016-0137,1,2016,MOTO,MOTO,"-34.59035925, -58.51537091",2016_2
2016-0138,1,2016,BICICLETA,CARGAS,"-34.55922742, -58.45909670",2016_2
2016-0139,1,2016,MOTO,MOTO,"-34.56539579, -58.42008769",2016_2
2016-0140,1,2016,PASAJEROS,PASAJEROS,"-34.56147293, -58.45566399",2016_2
2016-0142,1,2016,MOTO,PASAJEROS,"-34.59276462, -58.37533517",2016_2
2016-0143,1,2016,MOTO,SD,"-34.68475866, -58.44451316",2016_2
2016-0144,1,2016,PEATON,PASAJEROS,"-34.63343907, -58.35975012",2016_2
2016-0145,1,2016,MOTO,AUTO,"-34.55953855, -58.44523595",2016_2
2016-0146,1,2016,PEATON,PASAJEROS,"-34.63036565, -58.39626094",2016_2
2016-0147,1,2016,MOVIL,PASAJEROS,"-34.61799615, -58.38896772",2016_2
2016-0148,1,2016,MOTO,MOTO,"-34.59484504, -58.46536113",2016_2
2016-0150,1,2016,CARGAS,CARGAS,"-34.65273216, -58.40879146",2016_2
2016-0151,1,2016,PEATON,SD,"., .",2016_2
2016-0152,1,2016,MOTO,AUTO,"-34.64991946, -58.46451841",2016_2
2016-0153,1,2016,PEATON,MOTO,"-34.59485488, -58.42917090",2016_2
2016-0154,1,2016,MOTO,MOTO,"-34.68251141, -58.49007772",2016_2
2016-0155,1,2016,PEATON,AUTO,"-34.62772274, -58.52756365",2016_2
2016-0156,1,2016,MOTO,PASAJEROS,"-34.61943202, -58.40638983",2016_2
2016-0157,1,2016,MOTO,MOTO,"-34.61740997, -58.47576807",2016_2
2016-0159,1,2016,AUTO,SD,"-34.68475866, -58.44451316",2016_2
2016-0160,1,2016,CARGAS,OBJETO FIJO,"-34.63635787, -58.51927194",2016_2
2016-0161,1,2016,PEATON,PASAJEROS,"-34.57866344, -58.42525456",2016_2
2016-0162,1,2016,PEATON,AUTO,"-34.58518167, -58.45396573",2016_2
2016-0163,1,2016,MOTO,AUTO,"-34.59798754, -58.52340614",2016_2
2016-0164,1,2016,AUTO,AUTO,"-34.64119105, -58.42323628",2016_2
2016-0165,1,2016,BICICLETA,PASAJEROS,"-34.62841919, -58.36926144",2016_2
2016-0168,1,2016,MOTO,AUTO,"-34.64119105, -58.42323628",2016_2
2016-0169,1,2016,MOTO,PASAJEROS,"-34.55676497, -58.47935434",2016_2
2016-0170,1,2016,MOTO,AUTO,"-34.56379980, -58.50598256",2016_2
2016-0171,1,2016,MOTO,MOTO,"-34.62150748, -58.36607137",2016_2
2016-0172,1,2016,MOTO,CARGAS,"-34.63174259, -58.41918902",2016_2
2016-0173,1,2016,MOTO,CARGAS,"-34.63551751, -58.46749188",2016_2
2016-0174,1,2016,SD,SD,"., .",2016_2
2016-0175,1,2016,PEATON,BICICLETA,"-34.62960517, -58.46064174",2016_2
2016-0176,1,2016,MOTO,PASAJEROS,"-34.61232875, -58.36956186",2016_2
2016-0177,1,2016,PEATON,AUTO,"-34.58788235, -58.40966671",2016_2
2016-0178,1,2016,PEATON,MULTIPLE,"-34.61544091, -58.40288226",2016_2
2017-0001,1,2017,MOTO,CARGAS,"-34.61028571, -58.46594230",2017_1
2017-0003,1,2017,CARGAS,CARGAS,"-34.64410277, -58.38957669",2017_1
2017-0007,1,2017,PEATON,MULTIPLE,"-34.61529543, -58.38161660",2017_1
2017-0008,1,2017,MOTO,PASAJEROS,"-34.58494351, -58.43917004",2017_1
2017-0009,1,2017,MOTO,CARGAS,"-34.62743346, -58.41595919",2017_1
2017-0010,1,2017,MOTO,AUTO,"-34.62828656, -58.43564880",2017_1
2017-0011,1,2017,MOTO,OBJETO FIJO,"-34.54979510, -58.50073810",2017_1
2017-0012,1,2017,MOTO,CARGAS,"-34.65055290, -58.40969005",2017_1
2017-0013,1,2017,PEATON,CARGAS,"-34.65098981, -58.38972622",2017_1
2017-0014,1,2017,MOTO,MULTIPLE,"-34.55046754, -58.49185972",2017_1
2017-0015,1,2017,PEATON,AUTO,"-34.59963642, -58.39293417",2017_1
2017-0016,1,2017,MOTO,CARGAS,"-34.62288231, -58.38099494",2017_1
2017-0017,1,2017,MOTO,AUTO,"-34.58095431, -58.42901200",2017_1
2017-0018,1,2017,MOTO,AUTO,"-34.66977709, -58.50877521",2017_1
2017-0021,1,2017,MOTO,PASAJEROS,"-34.60509972, -58.38362373",2017_1
2017-0024,1,2017,PEATON,PASAJEROS,"-34.62955795, -58.46589308",2017_1
2017-0025,1,2017,MOTO,SD,"-34.65424640, -58.43614426",2017_1
2017-0026,2,2017,AUTO,OBJETO FIJO,"-34.64979057, -58.41842777",2017_1
2017-0027,1,2017,PEATON,AUTO,"-34.63193250, -58.38332245",2017_1
2017-0028,1,2017,PEATON,AUTO,"-34.61196327, -58.45475488",2017_1
2017-0029,1,2017,SD,AUTO,"-34.64742455, -58.48501341",2017_1
2017-0030,1,2017,AUTO,PASAJEROS,"-34.65872088, -58.47010988",2017_1
2017-0031,1,2017,AUTO,OBJETO FIJO,"-34.62873635, -58.40997560",2017_1
2017-0032,1,2017,AUTO,AUTO,"-34.68359163, -58.48892175",2017_1
2017-0033,1,2017,AUTO,AUTO,"-34.60325478, -58.52466448",2017_1
2017-0034,1,2017,PEATON,AUTO,"-34.57929036, -58.42554218",2017_1
2017-0035,3,2017,AUTO,OBJETO FIJO,"-34.61113641, -58.35881506",2017_1
2017-0036,2,2017,MOTO,PASAJEROS,"-34.58159762, -58.51452347",2017_1
2017-0037,1,2017,MOTO,CARGAS,"-34.61799615, -58.38896772",2017_1
2017-0038,1,2017,MOTO,AUTO,"-34.64363363, -58.44516857",2017_1
2017-0040,1,2017,AUTO,MULTIPLE,"-34.54560369, -58.43834197",2017_1
2017-0041,1,2017,MOTO,AUTO,"-34.63531854, -58.45485084",2017_1
2017-0042,1,2017,MOTO,CARGAS,"., .",2017_1
2017-0045,1,2017,MOTO,OBJETO FIJO,"-34.62454175, -58.52449285",2017_1
2017-0047,1,2017,MOTO,AUTO,"-34.67198790, -58.46713742",2017_1
2017-0049,1,2017,PEATON,PASAJEROS,"-34.65554754, -58.43850413",2017_1
2017-0050,2,2017,MOTO,CARGAS,"., .",2017_1
2017-0051,1,2017,AUTO,AUTO,"., .",2017_1
2017-0052,1,2017,PEATON,CARGAS,"-34.68095739, -58.49413799",2017_1
2017-0053,1,2017,MOTO,CARGAS,"-34.65326075, -58.37547846",2017_1
2017-0054,1,2017,MOTO,AUTO,"-34.58689719, -58.48680218",2017_1
2017-0055,1,2017,AUTO,AUTO,"-34.57962262, -58.49563989",2017_1
2017-0058,1,2017,PEATON,MOTO,"-34.59915940, -58.38403232",2017_1
2017-0059,1,2017,PEATON,PASAJEROS,"-34.62693865, -58.38223382",2017_1
2017-0060,1,2017,MOTO,OBJETO FIJO,"-34.67323292, -58.45966521",2017_1
2017-0061,1,2017,PEATON,MOTO,"-34.59871111, -58.39303911",2017_1
2017-0062,1,2017,MOTO,CARGAS,"-34.63395999, -58.51262106",2017_1
2017-0063,1,2017,PEATON,PASAJEROS,"-34.61646839, -58.38118367",2017_1
2017-0064,1,2017,CARGAS,AUTO,"-34.60582475, -58.37653284",2017_1
2017-0065,1,2017,BICICLETA,CARGAS,"-34.64035082, -58.37709334",2017_1
2017-0066,1,2017,PEATON,PASAJEROS,"-34.60409469, -58.46002142",2017_1
2017-0067,1,2017,MOTO,CARGAS,"-34.62801894, -58.43381970",2017_1
2017-0068,1,2017,MOTO,OBJETO FIJO,"-34.66437532, -58.43580656",2017_1
2017-0069,1,2017,MOTO,SD,"-34.65997463, -58.52173071",2017_1
2017-0070,1,2017,PEATON,AUTO,"-34.59804273, -58.50791763",2017_1
2017-0072,1,2017,AUTO,AUTO,"-34.58226957, -58.49175088",2017_1
2017-0073,1,2017,MOTO,AUTO,"-34.60425669, -58.40781467",2017_1
2017-0074,1,2017,SD,SD,"-34.63787791, -58.52567073",2017_1
2017-0075,1,2017,PEATON,MOTO,"-34.60906385, -58.38154200",2017_1
2017-0076,1,2017,PEATON,CARGAS,"-34.57805810, -58.38526125",2017_1
2017-0077,1,2017,MOTO,CARGAS,"-34.58451712, -58.42934104",2017_1
2017-0079,1,2017,MOTO,CARGAS,"-34.61781124, -58.40657493",2017_1
2017-0080,1,2017,PEATON,CARGAS,"-34.64487785, -58.49525314",2017_1
2017-0082,1,2017,PEATON,AUTO,"-34.62932696, -58.39092851",2017_1
2017-0083,1,2017,MOTO,CARGAS,"-34.64564271, -58.49603546",2017_2
2017-0084,1,2017,PEATON,PASAJEROS,"-34.58703485, -58.38502878",2017_2
2017-0085,1,2017,PEATON,PASAJEROS,"-34.63150425, -58.37261143",2017_2
2017-0086,1,2017,PEATON,MOTO,"-34.63905965, -58.51876802",2017_2
2017-0087,1,2017,PEATON,AUTO,"-34.61516101, -58.41095567",2017_2
2017-0088,1,2017,PEATON,PASAJEROS,"-34.62519403, -58.36797542",2017_2
2017-0089,1,2017,SD,AUTO,"-34.64787051, -58.51514709",2017_2
2017-0090,1,2017,PEATON,AUTO,"-34.59171721, -58.51925642",2017_2
2017-0091,1,2017,MOTO,SD,"-34.54321216, -58.48671535",2017_2
2017-0092,1,2017,PEATON,AUTO,"-34.62282019, -58.38268809",2017_2
2017-0093,1,2017,PEATON,AUTO,"-34.54966288, -58.43633522",2017_2
2017-0094,1,2017,BICICLETA,CARGAS,"-34.61765855, -58.52640838",2017_2
2017-0095,1,2017,MOTO,AUTO,"-34.59778875, -58.41894306",2017_2
2017-0096,1,2017,PEATON,PASAJEROS,"-34.54972741, -58.46756026",2017_2
2017-0098,1,2017,PEATON,AUTO,"-34.63132912, -58.45715752",2017_2
2017-0099,1,2017,BICICLETA,AUTO,"-34.56213916, -58.42406784",2017_2
2017-0100,1,2017,MOTO,OBJETO FIJO,"-34.61512051, -58.39674470",2017_2
2017-0101,1,2017,PEATON,MULTIPLE,"-34.57084818, -58.44537508",2017_2
2017-0102,1,2017,PEATON,CARGAS,"-34.65107080, -58.40056767",2017_2
2017-0104,1,2017,PEATON,CARGAS,"-34.61853244, -58.38109568",2017_2
2017-0106,1,2017,PEATON,PASAJEROS,"-34.58035258, -58.42533612",2017_2
2017-0107,1,2017,MOTO,CARGAS,"-34.54395182, -58.46062311",2017_2
2017-0108,2,2017,OBJETO FIJO,AUTO,"-34.54795581, -58.49491054",2017_2
2017-0109,1,2017,MOTO,AUTO,"-34.63665402, -58.47130269",2017_2
2017-0110,1,2017,PEATON,PASAJEROS,"-34.60189492, -58.37048800",2017_2
2017-0111,1,2017,PEATON,CARGAS,"-34.64234110, -58.42023854",2017_2
2017-0112,2,2017,AUTO,OBJETO FIJO,"-34.63997430, -58.45807401",2017_2
2017-0113,1,2017,PEATON,PASAJEROS,"-34.59573848, -58.37697717",2017_2
2017-0114,1,2017,AUTO,OBJETO FIJO,"-34.58498660, -58.39100580",2017_2
2017-0115,1,2017,MOTO,BICICLETA,"-34.63089661, -58.42182126",2017_2
2017-0116,1,2017,MOTO,OBJETO FIJO,"-34.58075791, -58.51389422",2017_2
2017-0118,1,2017,MOTO,AUTO,"-34.65232158, -58.37585415",2017_2
2017-0120,1,2017,MOTO,CARGAS,"-34.66245085, -58.47297505",2017_2
2017-0123,1,2017,PEATON,AUTO,"-34.67216349, -58.46855503",2017_2
2017-0124,1,2017,MOTO,PASAJEROS,"-34.59185043, -58.44254033",2017_2
2017-0125,1,2017,MOTO,OBJETO FIJO,"-34.67926929, -58.46622247",2017_2
2017-0126,2,2017,AUTO,OBJETO FIJO,"-34.68148508, -58.48003734",2017_2
2017-0127,1,2017,MOTO,MOTO,"-34.59800248, -58.41192137",2017_2
2017-0128,1,2017,PEATON,PASAJEROS,"-34.61349731, -58.44034689",2017_2
2017-0129,1,2017,MOTO,PASAJEROS,"-34.64925746, -58.47155277",2017_2
2017-0130,1,2017,AUTO,CARGAS,"-34.59967065, -58.47883099",2017_2
2017-0132,1,2017,MOTO,PASAJEROS,"-34.69374130, -58.46552171",2017_2
2017-0134,1,2017,PEATON,PASAJEROS,"-34.66777987, -58.44239720",2017_2
2017-0135,1,2017,MOTO,CARGAS,"-34.59626814, -58.47032551",2017_2
2017-0136,1,2017,PEATON,PASAJEROS,"-34.65522746, -58.41827843",2017_2
2017-0137,1,2017,PEATON,CARGAS,"-34.59279388, -58.51280715",2017_2
2017-0138,1,2017,MOTO,OBJETO FIJO,"-34.64385704, -58.46258582",2017_2
2017-0139,1,2017,AUTO,OBJETO FIJO,"-34.68003614, -58.45064148",2017_2
2017-0140,1,2017,MOTO,PASAJEROS,"., .",2017_2
2017-0141,1,2017,PEATON,PASAJEROS,"-34.62513374, -58.42717783",2017_2
2017-0143,1,2017,AUTO,PASAJEROS,"-34.60724519, -58.46442001",2017_2
2017-0144,1,2017,AUTO,OBJETO FIJO,"-34.69843756, -58.47064556",2017_2
2017-0145,1,2017,MOTO,AUTO,"-34.61223119, -58.41677733",2017_2
2017-0147,1,2017,MOTO,AUTO,"-34.67450313, -58.50251790",2017_2
2017-0148,1,2017,PEATON,PASAJEROS,"-34.62438894, -58.40708125",2017_2
2017-0149,1,2017,PEATON,PASAJEROS,"-34.61477051, -58.36947198",2017_2
2017-0150,1,2017,PEATON,AUTO,"-34.63934531, -58.51140889",2017_2
2017-0151,1,2017,PEATON,PASAJEROS,"-34.65559133, -58.37460912",2017_2
2017-0152,1,2017,BICICLETA,PASAJEROS,"-34.65073916, -58.41146277",2017_2
2017-0153,2,2017,MOTO,PASAJEROS,"-34.61829385, -58.42855267",2017_2
2017-0154,1,2017,PEATON,PASAJEROS,"-34.63412287, -58.39035581",2017_2
2017-0155,1,2017,SD,MOTO,"-34.62656868, -58.45593915",2017_2
2017-0157,1,2017,AUTO,PASAJEROS,"-34.64597065, -58.52866211",2017_2
2017-0158,1,2017,MOTO,AUTO,"-34.59407024, -58.52037476",2017_2
2017-0159,1,2017,MOTO,AUTO,"-34.61799615, -58.38896772",2017_2
2017-0160,1,2017,PEATON,MOTO,"-34.62771756, -58.47074114",2017_2
2017-0161,1,2017,PEATON,AUTO,"-34.65969965, -58.48200819",2017_2
2018-0001,1,2018,PEATON,MOTO,"-34.62297346, -58.39536773",2018_1
2018-0002,1,2018,BICICLETA,PASAJEROS,"-34.61895467, -58.37456088",2018_1
2018-0003,1,2018,PEATON,MULTIPLE,"-34.60395657, -58.44860217",2018_1
2018-0004,1,2018,MOTO,MULTIPLE,"-34.54332766, -58.46129513",2018_1
2018-0005,1,2018,PEATON,PASAJEROS,"-34.61953517, -58.36907201",2018_1
2018-0006,1,2018,BICICLETA,PASAJEROS,"-34.62499107, -58.44062219",2018_1
2018-0007,1,2018,AUTO,AUTO,"-34.63601265, -58.52502765",2018_1
2018-0008,1,2018,MOTO,CARGAS,"-34.61687778, -58.36659655",2018_1
2018-0009,1,2018,MOTO,MOTO,"-34.62763661, -58.36737389",2018_1
2018-0010,1,2018,MOTO,CARGAS,"-34.63038658, -58.49807953",2018_1
2018-0011,1,2018,PEATON,PASAJEROS,"-34.59088447, -58.39092703",2018_1
2018-0012,1,2018,MOTO,PASAJEROS,"-34.68049201, -58.46912006",2018_1
2018-0013,1,2018,MOTO,AUTO,"-34.56786129, -58.48661286",2018_1
2018-0014,1,2018,PEATON,MOTO,"-34.65080597, -58.44074927",2018_1
2018-0015,2,2018,MOTO,PASAJEROS,"-34.64684275, -58.38636298",2018_1
2018-0016,1,2018,MOTO,CARGAS,"-34.59276462, -58.37533517",2018_1
2018-0017,1,2018,PEATON,AUTO,"-34.63070603, -58.46963952",2018_1
2018-0018,1,2018,MOTO,CARGAS,"-34.64543658, -58.37207554",2018_1
2018-0019,1,2018,PEATON,PASAJEROS,"-34.59176378, -58.39189441",2018_1
2018-0020,1,2018,MOTO,CARGAS,"-34.66518343, -58.45012957",2018_1
2018-0021,1,2018,PEATON,PASAJEROS,"-34.64546845, -58.40184094",2018_1
2018-0022,1,2018,MOTO,CARGAS,"-34.63966783, -58.37441153",2018_1
2018-0023,1,2018,MOTO,AUTO,"-34.62082399, -58.44110156",2018_1
2018-0024,1,2018,PEATON,CARGAS,"-34.57827342, -58.47087351",2018_1
2018-0025,1,2018,PEATON,AUTO,"-34.62245140, -58.45962210",2018_1
2018-0026,2,2018,MOVIL,CARGAS,"-34.65476216, -58.41657793",2018_1
2018-0027,1,2018,PEATON,MOTO,"-34.63722107, -58.41911301",2018_1
2018-0028,1,2018,PEATON,CARGAS,"-34.64251042, -58.47120586",2018_1
2018-0029,1,2018,MOTO,AUTO,"-34.62049672, -58.47418944",2018_1
2018-0030,1,2018,MOTO,MOTO,"-34.57905579, -58.46720441",2018_1
2018-0031,1,2018,MOTO,CARGAS,"-34.61779710, -58.46909362",2018_1
2018-0032,1,2018,PEATON,PASAJEROS,"-34.56888640, -58.44704343",2018_1
2018-0033,1,2018,MOTO,CARGAS,"-34.62902048, -58.50535541",2018_1
2018-0034,1,2018,PEATON,PASAJEROS,"-34.59522198, -58.40021675",2018_1
2018-0035,1,2018,PEATON,PASAJEROS,"-34.62919627, -58.46325991",2018_1
2018-0036,1,2018,MOTO,AUTO,"-34.59694755, -58.49471482",2018_1
2018-0037,1,2018,PEATON,CARGAS,"-34.59975962, -58.39872610",2018_1
2018-0038,2,2018,PEATON,AUTO,"-34.60885045, -58.38872177",2018_1
2018-0039,1,2018,PEATON,AUTO,"., .",2018_1
2018-0040,1,2018,PEATON,CARGAS,"-34.57305993, -58.45686132",2018_1
2018-0041,1,2018,PEATON,PASAJEROS,"-34.64282424, -58.42281627",2018_1
2018-0042,1,2018,MOTO,CARGAS,"-34.63953396, -58.38666024",2018_1
2018-0043,1,2018,MOTO,AUTO,"-34.61207587, -58.49122843",2018_1
2018-0044,1,2018,PEATON,AUTO,"-34.61866627, -58.40098306",2018_1
2018-0045,1,2018,AUTO,CARGAS,"-34.57916920, -58.45448963",2018_1
2018-0046,1,2018,PEATON,AUTO,"-34.63931752, -58.52927982",2018_1
2018-0047,1,2018,PEATON,PASAJEROS,"-34.59170240, -58.44759966",2018_1
2018-0048,1,2018,PEATON,PASAJEROS,"-34.62925068, -58.46411215",2018_1
2018-0049,1,2018,PEATON,AUTO,"-34.55395823, -58.46213220",2018_1
2018-0050,1,2018,PEATON,PASAJEROS,"-34.56203610, -58.45669422",2018_1
2018-0051,1,2018,PEATON,AUTO,"-34.64341878, -58.35977160",2018_1
2018-0052,1,2018,PEATON,PASAJEROS,"-34.59070093, -58.49820145",2018_1
2018-0053,1,2018,MOTO,AUTO,"-34.59939180, -58.41059280",2018_1
2018-0054,1,2018,PEATON,BICICLETA,"-34.57121563, -58.47969138",2018_1
2018-0055,1,2018,MOTO,AUTO,"-34.61883916, -58.40351561",2018_1
2018-0056,1,2018,PEATON,PASAJEROS,"-34.63918987, -58.51973844",2018_1
2018-0057,1,2018,MOTO,PASAJEROS,"-34.62163006, -58.39311376",2018_1
2018-0058,1,2018,MOTO,AUTO,"-34.59082159, -58.43531242",2018_1
2018-0059,1,2018,MOTO,OTRO,"-34.63035454, -58.41178165",2018_1
2018-0060,1,2018,PEATON,PASAJEROS,"-34.60189492, -58.37048800",2018_1
2018-0061,1,2018,MOTO,MOTO,"-34.61964833, -58.39883882",2018_1
2018-0062,1,2018,PEATON,CARGAS,"-34.62082399, -58.44110156",2018_1
2018-0063,1,2018,PEATON,PASAJEROS,"-34.59952725, -58.37093138",2018_1
2018-0064,1,2018,AUTO,CARGAS,"-34.63953253, -58.45855262",2018_1
2018-0065,1,2018,MOTO,CARGAS,"-34.59283447, -58.38161909",2018_1
2018-0066,1,2018,PEATON,PASAJEROS,"-34.58698157, -58.45511899",2018_1
2018-0067,1,2018,PASAJEROS,AUTO,"-34.62973033, -58.37724226",2018_1
2018-0068,1,2018,MOTO,AUTO,"-34.62930339, -58.45546217",2018_2
2018-0069,1,2018,BICICLETA,PASAJEROS,"-34.59954925, -58.39897064",2018_2
2018-0070,1,2018,MOTO,PASAJEROS,"-34.62126274, -58.40917826",2018_2
2018-0071,1,2018,MOTO,CARGAS,"-34.61099738, -58.36726348",2018_2
2018-0072,1,2018,MOTO,CARGAS,"-34.68454456, -58.48267426",2018_2
2018-0073,1,2018,PEATON,CARGAS,"-34.65168841, -58.39546165",2018_2
2018-0074,1,2018,AUTO,CARGAS,"-34.63376545, -58.46941984",2018_2
2018-0075,1,2018,PEATON,AUTO,"-34.58129246, -58.40367321",2018_2
2018-0076,1,2018,AUTO,CARGAS,"-34.65014993, -58.52932872",2018_2
2018-0077,1,2018,AUTO,CARGAS,"-34.62126274, -58.40917826",2018_2
2018-0078,1,2018,PEATON,AUTO,"-34.59473294, -58.41264127",2018_2
2018-0079,1,2018,PEATON,CARGAS,"-34.66977709, -58.50877521",2018_2
2018-0080,1,2018,PEATON,AUTO,"-34.65903530, -58.51232237",2018_2
2018-0081,1,2018,PEATON,MULTIPLE,"-34.64567171, -58.44744156",2018_2
2018-0082,1,2018,MOTO,CARGAS,"-34.65869968, -58.49441273",2018_2
2018-0083,1,2018,MOTO,CARGAS,"-34.69153196, -58.47976785",2018_2
2018-0084,1,2018,PEATON,CARGAS,"-34.62260331, -58.36523349",2018_2
2018-0085,2,2018,MOTO,PASAJEROS,"-34.62704273, -58.39118948",2018_2
2018-0086,1,2018,PEATON,PASAJEROS,"-34.65015854, -58.49019551",2018_2
2018-0087,1,2018,PEATON,PASAJEROS,"-34.63023775, -58.41644362",2018_2
2018-0088,1,2018,MOTO,CARGAS,"-34.54979510, -58.50073810",2018_2
2018-0089,1,2018,PEATON,PASAJEROS,"-34.63036565, -58.39626094",2018_2
2018-0090,1,2018,MOTO,AUTO,"-34.67051543, -58.43284809",2018_2
2018-0091,1,2018,AUTO,AUTO,"-34.63659934, -58.52280139",2018_2
2018-0092,1,2018,MOTO,AUTO,"-34.59774487, -58.42336930",2018_2
2018-0093,1,2018,PEATON,PASAJEROS,"-34.63105973, -58.38691681",2018_2
2018-0094,1,2018,MOTO,PASAJEROS,"-34.58579880, -58.41169020",2018_2
2018-0095,1,2018,AUTO,AUTO,"-34.65117757, -58.46739825",2018_2
2018-0096,1,2018,PEATON,AUTO,"-34.67152226, -58.44483258",2018_2
2018-0097,1,2018,AUTO,OTRO,"-34.66128115, -58.43254025",2018_2
2018-0098,2,2018,AUTO,AUTO,"-34.69640164, -58.47199387",2018_2
2018-0099,1,2018,PEATON,PASAJEROS,"-34.62925068, -58.46411215",2018_2
2018-0100,1,2018,MOTO,AUTO,"-34.62367156, -58.36217754",2018_2
2018-0101,1,2018,AUTO,MULTIPLE,"-34.54073130, -58.48098594",2018_2
2018-0102,1,2018,MOTO,AUTO,"-34.64640709, -58.41083404",2018_2
2018-0103,1,2018,PEATON,MOTO,"-34.64446729, -58.44609828",2018_2
2018-0104,1,2018,MOTO,MOTO,"-34.64035082, -58.37709334",2018_2
2018-0105,1,2018,PEATON,PASAJEROS,"-34.63070603, -58.46963952",2018_2
2018-0106,1,2018,MOTO,MOTO,"-34.55161027, -58.43674281",2018_2
2018-0107,1,2018,PEATON,PASAJEROS,"-34.61011987, -58.40596860",2018_2
2018-0108,1,2018,MOTO,AUTO,"-34.60463618, -58.36154069",2018_2
2018-0109,1,2018,PEATON,PASAJEROS,"-34.60066507, -58.37062179",2018_2
2018-0110,1,2018,PEATON,MOTO,"-34.60207186, -58.43220014",2018_2
2018-0111,1,2018,MOTO,CARGAS,"-34.64949724, -58.46958442",2018_2
2018-0112,1,2018,MOTO,CARGAS,"-34.59970903, -58.44671397",2018_2
2018-0113,1,2018,MOTO,CARGAS,"-34.61474911, -58.47152163",2018_2
2018-0114,1,2018,MOTO,AUTO,"-34.61807951, -58.39032921",2018_2
2018-0115,1,2018,PEATON,PASAJEROS,"-34.64297861, -58.52887773",2018_2
2018-0116,1,2018,PEATON,CARGAS,"-34.67981324, -58.49371157",2018_2
2018-0117,1,2018,MOTO,MOTO,"-34.66012327, -58.48266599",2018_2
2018-0118,1,2018,PEATON,MOTO,"-34.60774301, -58.40612253",2018_2
2018-0119,1,2018,PEATON,SD,"-34.66292532, -58.43613623",2018_2
2018-0120,1,2018,PEATON,AUTO,"-34.57208238, -58.48250732",2018_2
2018-0121,1,2018,PEATON,PASAJEROS,"-34.63743280, -58.49945705",2018_2
2018-0122,1,2018,AUTO,AUTO,"-34.67233407, -58.47743966",2018_2
2018-0123,1,2018,AUTO,SD,"-34.67450313, -58.50251790",2018_2
2018-0124,1,2018,CARGAS,CARGAS,"-34.63682499, -58.52144411",2018_2
2018-0125,1,2018,PEATON,PASAJEROS,"-34.65084045, -58.41650465",2018_2
2018-0126,1,2018,MOTO,AUTO,"-34.64055918, -58.52994219",2018_2
2018-0127,1,2018,MOTO,MOTO,"-34.56919739, -58.50993046",2018_2
2018-0128,2,2018,AUTO,PASAJEROS,"-34.64592873, -58.52844623",2018_2
2018-0129,1,2018,MOTO,PASAJEROS,"-34.58695347, -58.45021367",2018_2
2018-0130,1,2018,MOTO,PASAJEROS,"-34.62770192, -58.49022072",2018_2
2018-0131,1,2018,MOTO,CARGAS,"-34.60106568, -58.36860866",2018_2
2018-0132,1,2018,PEATON,CARGAS,"-34.57241534, -58.39490504",2018_2
2018-0133,1,2018,PEATON,CARGAS,"-34.63070603, -58.46963952",2018_2
2018-0134,1,2018,PEATON,MOTO,"-34.64019887, -58.42349365",2018_2
2018-0135,1,2018,PEATON,PASAJEROS,"-34.61265002, -58.37471802",2018_2
2018-0136,1,2018,PEATON,PASAJEROS,"-34.62913916, -58.46438789",2018_2
2018-0137,1,2018,MOTO,PASAJEROS,"-34.61100424, -58.38481975",2018_2
2018-0138,1,2018,PASAJEROS,PASAJEROS,"-34.62073702, -58.50751833",2018_2
2018-0139,1,2018,MOTO,MOTO,"-34.63888084, -58.44682986",2018_2
2018-0140,1,2018,AUTO,AUTO,"-34.61381341, -58.36004650",2018_2
2018-0141,1,2018,PEATON,MOTO,"-34.62085945, -58.41509546",2018_2
2018-0142,1,2018,CARGAS,PASAJEROS,"-34.57251072, -58.50997604",2018_2
2018-0143,1,2018,MOTO,AUTO,"-34.64047818, -58.48606475",2018_2
2019-0001,1,2019,MOTO,CARGAS,"-34.57805810, -58.38526125",2019_1
2019-0002,1,2019,AUTO,CARGAS,"-34.65082149, -58.45463662",2019_1
2019-0003,1,2019,MOTO,AUTO,"-34.59718073, -58.49121672",2019_1
2019-0004,1,2019,AUTO,PASAJEROS,"-34.65284605, -58.47325712",2019_1
2019-0005,1,2019,MOTO,CARGAS,"-34.63382309, -58.52108101",2019_1
2019-0006,1,2019,PEATON,AUTO,"-34.55509606, -58.41652702",2019_1
2019-0007,1,2019,MOTO,AUTO,"-34.61071660, -58.42891604",2019_1
2019-0008,1,2019,MOTO,MULTIPLE,"-34.69156793, -58.47802293",2019_1
2019-0009,1,2019,MOTO,AUTO,"-34.62200207, -58.37564821",2019_1
2019-0010,2,2019,PEATON,AUTO,"-34.56961468, -58.42668489",2019_1
2019-0011,1,2019,PEATON,AUTO,"-34.66252488, -58.51839930",2019_1
2019-0012,1,2019,MOTO,AUTO,"-34.67665828, -58.48432691",2019_1
2019-0013,1,2019,PEATON,AUTO,"-34.64457699, -58.43383830",2019_1
2019-0014,1,2019,MOTO,OBJETO FIJO,"-34.58657938, -58.51664939",2019_1
2019-0015,1,2019,AUTO,OBJETO FIJO,"-34.59703502, -58.49613012",2019_1
2019-0016,1,2019,MOTO,PASAJEROS,"-34.63356284, -58.38313603",2019_1
2019-0017,1,2019,AUTO,PASAJEROS,"-34.61632317, -58.39914719",2019_1
2019-0018,1,2019,PEATON,AUTO,"-34.54048625, -58.44927253",2019_1
2019-0019,1,2019,MOTO,AUTO,"-34.55374003, -58.45049163",2019_1
2019-0020,1,2019,MOTO,AUTO,"-34.63572989, -58.41288952",2019_1
2019-0021,1,2019,MOTO,AUTO,"-34.62561234, -58.45743597",2019_1
2019-0022,1,2019,AUTO,SD,"-34.62352245, -58.39123782",2019_1
2019-0023,1,2019,AUTO,OBJETO FIJO,"-34.63637963, -58.52922765",2019_1
2019-0024,1,2019,MOTO,CARGAS,"-34.58541957, -58.37208118",2019_1
2019-0025,1,2019,PEATON,AUTO,"-34.60937557, -58.41458534",2019_1
2019-0026,1,2019,PEATON,PASAJEROS,"-34.69153196, -58.47976785",2019_1
2019-0027,1,2019,BICICLETA,MULTIPLE,"-34.59511714, -58.39990285",2019_1
2019-0028,1,2019,PEATON,PASAJEROS,"-34.60588536, -58.46051346",2019_1
2019-0029,1,2019,MOTO,OBJETO FIJO,"-34.69153196, -58.47976785",2019_1
2019-0030,1,2019,MOTO,CARGAS,"-34.62447891, -58.45457546",2019_1
2019-0031,1,2019,BICICLETA,CARGAS,"-34.59832047, -58.36951669",2019_1
2019-0032,1,2019,PEATON,AUTO,"-34.60443790, -58.46415322",2019_1
2019-0033,1,2019,MOTO,SD,"-34.62150748, -58.36607137",2019_1
2019-0034,1,2019,MOTO,OBJETO FIJO,"-34.65093074, -58.45537373",2019_1
2019-0035,1,2019,PEATON,BICICLETA,"-34.60053054, -58.37942637",2019_1
2019-0036,1,2019,MOTO,AUTO,"-34.62147504, -58.43680440",2019_1
2019-0037,1,2019,MOTO,AUTO,"-34.61971907, -58.40778291",2019_1
2019-0038,1,2019,PEATON,MOTO,"-34.54628513, -58.45212523",2019_1
2019-0039,1,2019,MOTO,AUTO,"-34.63551751, -58.46749188",2019_1
2019-0040,1,2019,MOTO,SD,"-34.63679732, -58.44263580",2019_1
2019-0041,1,2019,AUTO,MULTIPLE,"-34.65846419, -58.51140289",2019_1
2019-0042,1,2019,PEATON,PASAJEROS,"-34.62465368, -58.38211431",2019_1
2019-0043,1,2019,BICICLETA,CARGAS,"-34.59832047, -58.36951669",2019_1
2019-0044,1,2019,PEATON,MOTO,"-34.62036547, -58.41635217",2019_1
2019-0045,1,2019,MOTO,CARGAS,"-34.57579669, -58.41316147",2019_1
2019-0046,1,2019,MOTO,AUTO,"-34.53825652, -58.47617802",2019_1
2019-0047,1,2019,PEATON,CARGAS,"-34.63330028, -58.38641783",2019_1
2019-0048,1,2019,MOTO,CARGAS,"-34.62038137, -58.45322169",2019_1
2019-0049,1,2019,PEATON,CARGAS,"-34.56166498, -58.45849057",2019_1
2019-0050,1,2019,MOTO,CARGAS,"-34.59411677, -58.41829559",2019_1
2019-0051,1,2019,MOTO,AUTO,"-34.63832093, -58.36376488",2019_1
2019-0053,1,2019,AUTO,AUTO,"-34.66004784, -58.46442668",2019_1
2019-0054,1,2019,MOTO,OBJETO FIJO,"-34.58428769, -58.48222035",2019_1
2019-0055,1,2019,MOTO,PASAJEROS,"-34.60283208, -58.36819005",2019_1
2019-0056,1,2019,PEATON,AUTO,"-34.62330939, -58.45877601",2019_1
2019-0057,1,2019,PEATON,AUTO,"-34.55760517, -58.44196498",2019_2
2019-0058,1,2019,MOTO,PASAJEROS,"-34.63627822, -58.50622631",2019_2
2019-0059,1,2019,MOTO,PASAJEROS,"-34.63099197, -58.38410880",2019_2
2019-0060,1,2019,PEATON,AUTO,"-34.63504312, -58.48100602",2019_2
2019-0061,1,2019,PEATON,PASAJEROS,"-34.55781320, -58.45200171",2019_2
2019-0062,1,2019,PEATON,PASAJEROS,"-34.56201105, -58.44462132",2019_2
2019-0063,1,2019,MOTO,PASAJEROS,"-34.58711712, -58.45220688",2019_2
2019-0064,1,2019,MOTO,AUTO,"-34.62245140, -58.45962210",2019_2
2019-0065,1,2019,PEATON,PASAJEROS,"-34.65414867, -58.41970850",2019_2
2019-0066,1,2019,PEATON,AUTO,"-34.64938031, -58.44187596",2019_2
2019-0067,1,2019,MOTO,CARGAS,"-34.64276621, -58.49101637",2019_2
2019-0068,1,2019,MOTO,MOTO,"-34.66256502, -58.42493829",2019_2
2019-0069,1,2019,MOTO,AUTO,"-34.62930162, -58.40489318",2019_2
2019-0070,1,2019,MOTO,BICICLETA,"-34.59217875, -58.42686680",2019_2
2019-0071,1,2019,PEATON,CARGAS,"-34.65620398, -58.47961100",2019_2
2019-0072,1,2019,AUTO,AUTO,"-34.63524207, -58.47439934",2019_2
2019-0073,1,2019,AUTO,OBJETO FIJO,"-34.57926018, -58.46711912",2019_2
2019-0074,1,2019,MOTO,CARGAS,"-34.53465378, -58.46514781",2019_2
2019-0075,1,2019,MOTO,PASAJEROS,"-34.65584079, -58.37571078",2019_2
2019-0076,1,2019,MOTO,CARGAS,"-34.65429986, -58.37157668",2019_2
2019-0077,1,2019,PEATON,AUTO,"-34.58070186, -58.39811256",2019_2
2019-0078,1,2019,PEATON,CARGAS,"-34.65417740, -58.41125934",2019_2
2019-0079,1,2019,MOTO,PASAJEROS,"-34.61866836, -58.41822901",2019_2
2019-0080,1,2019,PEATON,MOTO,"-34.53825652, -58.47617802",2019_2
2019-0081,1,2019,PEATON,PASAJEROS,"-34.58623761, -58.46141281",2019_2
2019-0082,1,2019,BICICLETA,CARGAS,"-34.66119740, -58.42985146",2019_2
2019-0083,1,2019,AUTO,AUTO,"-34.65839090, -58.48457413",2019_2
2019-0084,1,2019,BICICLETA,CARGAS,"-34.63628186, -58.46572884",2019_2
2019-0085,1,2019,BICICLETA,TREN,"-34.63419130, -58.49261744",2019_2
2019-0086,1,2019,MOTO,PASAJEROS,"-34.58841560, -58.45283186",2019_2
2019-0087,1,2019,MOTO,MOTO,"-34.57418656, -58.47973681",2019_2
2019-0088,1,2019,PEATON,PASAJEROS,"-34.65076549, -58.40623949",2019_2
2019-0089,1,2019,PEATON,CARGAS,"-34.63107887, -58.36244648",2019_2
2019-0090,1,2019,PEATON,MOTO,"-34.64868027, -58.49962423",2019_2
2019-0091,1,2019,PEATON,PASAJEROS,"-34.59559816, -58.44551437",2019_2
2019-0092,1,2019,PEATON,PASAJEROS,"-34.63420319, -58.35608181",2019_2
2019-0093,1,2019,BICICLETA,OTRO,"-34.60907662, -58.46483679",2019_2
2019-0094,1,2019,MOTO,OTRO,"-34.59724326, -58.44368628",2019_2
2019-0095,1,2019,MOTO,CARGAS,"-34.62907067, -58.37864583",2019_2
2019-0096,1,2019,PEATON,PASAJEROS,"-34.62726382, -58.37560352",2019_2
2019-0097,1,2019,MOTO,MULTIPLE,"-34.64815069, -58.47721439",2019_2
2019-0098,1,2019,PASAJEROS,PASAJEROS,"-34.58984288, -58.45134029",2019_2
2019-0100,1,2019,MOTO,AUTO,"-34.58368803, -58.49040794",2019_2
2019-0101,1,2019,MOTO,MOTO,"-34.64991178, -58.42102679",2019_2
2019-0102,1,2019,MOTO,AUTO,"-34.64143926, -58.52219407",2019_2
2019-0103,1,2019,MOTO,MOTO,"-34.59471640, -58.52169422",2019_2
2019-0104,1,2019,MOTO,AUTO,"-34.63206174, -58.47460416",2019_2
2019-0105,1,2019,PEATON,AUTO,"-34.61520391, -58.50512382",2019_1
2020-0001,1,2020,PEATON,AUTO,"-34.59213355, -58.43910409",2020_1
2020-0002,1,2020,MOTO,OBJETO FIJO,"-34.64646409, -58.45019436",2020_1
2020-0003,1,2020,PEATON,AUTO,"-34.60927582, -58.39337644",2020_1
2020-0004,1,2020,PEATON,PASAJEROS,"-34.60919284, -58.39055614",2020_1
2020-0005,1,2020,MOTO,PASAJEROS,"-34.62477021, -58.41036975",2020_1
2020-0006,1,2020,MOTO,CARGAS,"-34.65412546, -58.44925765",2020_1
2020-0007,1,2020,PEATON,MOTO,"-34.61648696, -58.38156850",2020_1
2020-0008,1,2020,MOTO,CARGAS,"-34.59804521, -58.40662899",2020_1
2020-0009,1,2020,PEATON,AUTO,"-34.60600850, -58.41985649",2020_1
2020-0010,1,2020,MOTO,OBJETO FIJO,"-34.62214953, -58.38099833",2020_1
2020-0011,1,2020,MOTO,CARGAS,"-34.61823178, -58.41803309",2020_1
2020-0012,1,2020,PEATON,MOTO,"-34.61783553, -58.40604003",2020_1
2020-0013,1,2020,PEATON,MOTO,"-34.57994061, -58.47549929",2020_1
2020-0014,1,2020,MOTO,PASAJEROS,"-34.61600366, -58.51398484",2020_1
2020-0015,1,2020,MOTO,PASAJEROS,"-34.62519403, -58.36797542",2020_1
2020-0016,1,2020,PEATON,PASAJEROS,"-34.59879316, -58.37133616",2020_1
2020-0017,1,2020,PEATON,AUTO,"-34.61413568, -58.39613805",2020_1
2020-0018,1,2020,MOTO,OBJETO FIJO,"-34.54200276, -58.44903073",2020_1
2020-0019,1,2020,PEATON,AUTO,"-34.62846670, -58.41972364",2020_1
2020-0020,1,2020,PEATON,MOTO,"-34.60557123, -58.40571596",2020_1
2020-0021,1,2020,PEATON,AUTO,"-34.59488319, -58.41451590",2020_1
2020-0022,1,2020,AUTO,CARGAS,"-34.66245085, -58.47297505",2020_1
2020-0023,1,2020,AUTO,CARGAS,"-34.63695178, -58.35791192",2020_1
2020-0024,1,2020,AUTO,AUTO,"-34.65177305, -58.50801713",2020_1
2020-0025,1,2020,PEATON,AUTO,"-34.60975108, -58.40258477",2020_1
2020-0026,1,2020,MOTO,OBJETO FIJO,"., .",2020_1
2020-0027,1,2020,PEATON,CARGAS,"-34.68454456, -58.48267426",2020_1
2020-0028,1,2020,PEATON,PASAJEROS,"-34.60221948, -58.44248936",2020_1
2020-0029,1,2020,PEATON,PASAJEROS,"-34.63886726, -58.52909134",2020_1
2020-0030,1,2020,MOTO,MULTIPLE,"-34.60646580, -58.45158942",2020_1
2020-0031,1,2020,MOTO,CARGAS,"-34.65788529, -58.49344309",2020_1
2020-0032,1,2020,MOTO,AUTO,"-34.59635137, -58.44259166",2020_2
2020-0033,1,2020,AUTO,OBJETO FIJO,"-34.53476874, -58.46743471",2020_2
2020-0034,1,2020,PEATON,AUTO,"-34.60922259, -58.41178158",2020_2
2020-0035,1,2020,MOTO,PASAJEROS,"-34.63638927, -58.45068621",2020_2
2020-0036,1,2020,PEATON,MOTO,"-34.58778790, -58.42016954",2020_2
2020-0037,1,2020,PEATON,AUTO,"-34.65554754, -58.43850413",2020_2
2020-0038,2,2020,AUTO,AUTO,"-34.58345898, -58.40617526",2020_2
2020-0039,1,2020,PEATON,CARGAS,"., .",2020_2
2020-0040,1,2020,AUTO,OBJETO FIJO,"-34.57805810, -58.38526125",2020_2
2020-0041,1,2020,MOTO,PASAJEROS,"-34.63491705, -58.44750470",2020_2
2020-0042,1,2020,PEATON,PASAJEROS,"-34.68192648, -58.46745752",2020_2
2020-0043,1,2020,PEATON,PASAJEROS,"-34.59717942, -58.37202621",2020_2
2020-0044,1,2020,AUTO,AUTO,"-34.62207347, -58.42779702",2020_2
2020-0045,1,2020,AUTO,CARGAS,"-34.70524971, -58.46244952",2020_2
2020-0046,1,2020,MOTO,MOTO,"-34.60776782, -58.48440160",2020_2
2020-0047,1,2020,PEATON,CARGAS,"-34.65174801, -58.46668375",2020_2
2020-0048,1,2020,MOTO,OBJETO FIJO,"-34.59322448, -58.44958780",2020_2
2020-0049,1,2020,PEATON,AUTO,"-34.59276462, -58.37533517",2020_2
2020-0050,1,2020,PEATON,MOTO,"-34.57866344, -58.42525456",2020_2
2020-0051,1,2020,MOTO,AUTO,"-34.62981124, -58.48493828",2020_2
2020-0052,1,2020,BICICLETA,CARGAS,"-34.60183884, -58.40480504",2020_2
2020-0053,1,2020,AUTO,AUTO,"-34.65417740, -58.41125934",2020_2
2020-0054,1,2020,BICICLETA,AUTO,"-34.62977080, -58.39956546",2020_2
2020-0055,1,2020,PEATON,CARGAS,"-34.57868970, -58.49005682",2020_2
2020-0056,1,2020,MOTO,CARGAS,"-34.69843756, -58.47064556",2020_2
2020-0057,1,2020,PEATON,AUTO,"-34.61945902, -58.47501560",2020_2
2020-0058,1,2020,PEATON,AUTO,"-34.63652467, -58.48727942",2020_2
2020-0059,1,2020,PEATON,PASAJEROS,"-34.62794241, -58.37951690",2020_2
2020-0060,1,2020,PEATON,MOTO,"-34.65672199, -58.47750832",2020_2
2020-0061,1,2020,MOTO,CARGAS,"-34.54048625, -58.44927253",2020_2
2020-0062,1,2020,BICICLETA,PASAJEROS,"-34.61253541, -58.39246272",2020_2
2020-0063,2,2020,PEATON_MOTO,MOTO,"-34.61047001, -58.52783814",2020_2
2020-0065,1,2020,MOTO,AUTO,"-34.54836855, -58.49332664",2020_2
2020-0066,1,2020,MOTO,OBJETO FIJO,"-34.63593897, -58.50178784",2020_2
2020-0067,1,2020,PEATON,PASAJEROS,"-34.65476216, -58.41657793",2020_2
2020-0068,1,2020,MOTO,AUTO,"-34.58307887, -58.39731474",2020_2
2020-0069,1,2020,MOTO,PASAJEROS,"-34.61790839, -58.38746381",2020_2
2020-0070,1,2020,PEATON,PASAJEROS,"-34.59176378, -58.39189441",2020_2
2020-0071,1,2020,PEATON,AUTO,"-34.63551751, -58.46749188",2020_2
2020-0072,1,2020,BICICLETA,AUTO,"-34.62113271, -58.40280471",2020_2
2020-0073,1,2020,MOTO,OBJETO FIJO,"-34.68475866, -58.44451316",2020_2
2020-0074,1,2020,AUTO,AUTO,"-34.62742408, -58.47110424",2020_2
2020-0075,1,2020,PEATON,PASAJEROS,"-34.60373898, -58.38220928",2020_2
2020-0076,1,2020,AUTO,PASAJEROS,"-34.61565025, -58.49794468",2020_2
2020-0077,2,2020,MOTO,AUTO,"-34.60111373, -58.47220945",2020_2
2020-0078,1,2020,BICICLETA,PASAJEROS,"-34.63217813, -58.43706741",2020_2
2020-0079,1,2020,MOTO,OBJETO FIJO,"-34.54836855, -58.49332664",2020_2
2021-0001,1,2021,MOTO,AUTO,"-34.62622851, -58.37960727",2021_1
2021-0002,1,2021,MOTO,CARGAS,"-34.64972472, -58.51061062",2021_1
2021-0003,1,2021,MOTO,OBJETO FIJO,"-34.62941648, -58.43052224",2021_1
2021-0004,1,2021,PEATON,CARGAS,"-34.63866836, -58.41455544",2021_1
2021-0005,1,2021,PEATON,AUTO,"-34.64730145, -58.46774439",2021_1
2021-0006,1,2021,MOTO,CARGAS,"-34.56726817, -58.40786274",2021_1
2021-0007,1,2021,MOTO,MOTO,"-34.58622275, -58.48744301",2021_1
2021-0008,1,2021,PEATON,PASAJEROS,"-34.65476216, -58.41657793",2021_1
2021-0009,1,2021,MOTO,OBJETO FIJO,"-34.61134937, -58.45351111",2021_1
2021-0010,1,2021,MOTO,AUTO,"-34.54979510, -58.50073810",2021_1
2021-0011,1,2021,PEATON,AUTO,"-34.59564871, -58.39144148",2021_1
2021-0012,1,2021,PEATON,AUTO,"-34.68385968, -58.48191128",2021_1
2021-0013,1,2021,MOTO,OBJETO FIJO,"-34.63652467, -58.48727942",2021_1
2021-0014,1,2021,PEATON,AUTO,"-34.59779521, -58.48328708",2021_1
2021-0015,1,2021,MOTO,OBJETO FIJO,"-34.59724990, -58.49018543",2021_1
2021-0016,1,2021,AUTO,OBJETO FIJO,"-34.68482689, -58.47230127",2021_1
2021-0017,1,2021,MOTO,PASAJEROS,"-34.63168269, -58.38262614",2021_1
2021-0018,1,2021,PEATON,AUTO,"-34.60793518, -58.41047268",2021_1
2021-0019,1,2021,MOTO,OBJETO FIJO,"-34.56353635, -58.49659234",2021_1
2021-0020,1,2021,PEATON,CARGAS,"-34.60727189, -58.42462955",2021_1
2021-0021,1,2021,MOTO,OBJETO FIJO,"-34.61185625, -58.41168345",2021_1
2021-0022,1,2021,PASAJEROS,SD,"-34.55217303, -58.45157681",2021_1
2021-0023,1,2021,MOTO,CARGAS,"., .",2021_1
2021-0024,1,2021,BICICLETA,CARGAS,"-34.67006054, -58.49573651",2021_1
2021-0025,1,2021,MOTO,OTRO,"-34.68795245, -58.48695354",2021_1
2021-0026,1,2021,MOTO,OBJETO FIJO,"-34.64449357, -58.37562539",2021_1
2021-0027,1,2021,MOTO,CARGAS,"-34.54795581, -58.49491054",2021_1
2021-0028,1,2021,PEATON,PASAJEROS,"-34.64357704, -58.44147621",2021_1
2021-0029,1,2021,AUTO,AUTO,"-34.63215432, -58.46899119",2021_1
2021-0030,1,2021,PEATON,PASAJEROS,"-34.63455776, -58.38685612",2021_1
2021-0031,1,2021,PEATON,CARGAS,"-34.61765323, -58.38113667",2021_1
2021-0032,1,2021,PEATON,MOTO,"-34.54538956, -58.44112678",2021_1
2021-0033,1,2021,AUTO,OBJETO FIJO,"-34.62743346, -58.41595919",2021_1
2021-0034,1,2021,MOTO,CARGAS,"-34.64546845, -58.40184094",2021_1
2021-0035,1,2021,MOTO,CARGAS,"-34.65679806, -58.44642231",2021_1
2021-0036,1,2021,MOTO,OBJETO FIJO,"-34.59798754, -58.52340614",2021_1
2021-0037,1,2021,PEATON,PASAJEROS,"-34.56219075, -58.46649069",2021_1
2021-0038,1,2021,MOTO,CARGAS,"-34.57816791, -58.42653328",2021_1
2021-0039,1,2021,BICICLETA,AUTO,"-34.65303372, -58.50407099",2021_1
2021-0040,1,2021,MOTO,AUTO,"-34.53476874, -58.46743471",2021_1
2021-0041,1,2021,PEATON,PASAJEROS,"-34.57728060, -58.40986646",2021_1
2021-0042,1,2021,PEATON,PASAJEROS,"-34.63931792, -58.51739138",2021_1
2021-0043,1,2021,PEATON,AUTO,"-34.65556223, -58.50719962",2021_1
2021-0044,1,2021,MOTO,OBJETO FIJO,"-34.64600222, -58.46712311",2021_1
2021-0045,1,2021,MOTO,MULTIPLE,"-34.64035082, -58.37709334",2021_1
2021-0046,1,2021,AUTO,OBJETO FIJO,"-34.58569883, -58.46033141",2021_1
2021-0047,1,2021,MOTO,AUTO,"-34.65633192, -58.42190745",2021_1
2021-0048,1,2021,BICICLETA,AUTO,"-34.56981410, -58.49026573",2021_1
2021-0049,1,2021,AUTO,AUTO,"-34.66902702, -58.45410344",2021_1
2021-0050,1,2021,MOTO,PASAJEROS,"-34.55719892, -58.44751621",2021_1
2021-0051,1,2021,PEATON,CARGAS,"-34.66005171, -58.42040352",2021_1
2021-0052,1,2021,MOTO,OBJETO FIJO,"-34.68010798, -58.49530249",2021_1
2021-0053,1,2021,PEATON,BICICLETA,"-34.59477360, -58.44399875",2021_1
2021-0054,1,2021,MOTO,CARGAS,"-34.65463857, -58.42759813",2021_1
2021-0055,1,2021,MOTO,CARGAS,"-34.60456293, -58.40547222",2021_1
2021-0056,1,2021,BICICLETA,AUTO,"-34.65008280, -58.42473018",2021_2
2021-0057,1,2021,AUTO,OBJETO FIJO,"-34.57563957, -58.39257023",2021_2
2021-0058,1,2021,PEATON,AUTO,"-34.54596153, -58.48941042",2021_2
2021-0059,1,2021,AUTO,OBJETO FIJO,"-34.62783085, -58.39640740",2021_2
2021-0060,1,2021,PEATON,PASAJEROS,"-34.61112240, -58.41971993",2021_2
2021-0061,1,2021,PEATON,CARGAS,"-34.65012801, -58.40544588",2021_2
2021-0062,1,2021,AUTO,CARGAS,"-34.64645957, -58.42003882",2021_2
2021-0063,1,2021,AUTO,AUTO,"-34.63348678, -58.46851293",2021_2
2021-0064,1,2021,PEATON,CARGAS,"-34.65422917, -58.52931141",2021_2
2021-0065,1,2021,PEATON,PASAJEROS,"-34.62699730, -58.42675754",2021_2
2021-0066,1,2021,PEATON,PASAJEROS,"-34.61098186, -58.52933723",2021_2
2021-0067,1,2021,MOTO,OBJETO FIJO,"-34.62764718, -58.37910943",2021_2
2021-0068,1,2021,MOTO,OBJETO FIJO,"-34.61164474, -58.52161176",2021_2
2021-0069,1,2021,PEATON,AUTO,"-34.58697680, -58.41354692",2021_2
2021-0070,1,2021,MOTO,CARGAS,"-34.65470804, -58.43960781",2021_2
2021-0071,1,2021,PEATON,MOTO,"-34.60003693, -58.40454610",2021_2
2021-0072,1,2021,PEATON,AUTO,"-34.59871111, -58.39303911",2021_2
2021-0073,1,2021,BICICLETA,AUTO,"-34.58405348, -58.39391034",2021_2
2021-0074,1,2021,MOTO,MULTIPLE,"-34.54979510, -58.50073810",2021_2
2021-0075,1,2021,PEATON,CARGAS,"-34.62786038, -58.38281301",2021_2
2021-0076,1,2021,MOTO,OBJETO FIJO,"-34.65094083, -58.43980799",2021_2
2021-0077,1,2021,MOTO,CARGAS,"-34.62933109, -58.44402387",2021_2
2021-0078,1,2021,MOTO,PASAJEROS,"-34.62207347, -58.42779702",2021_2
2021-0079,1,2021,PEATON,AUTO,"-34.60097942, -58.40944147",2021_2
2021-0080,1,2021,MOTO,AUTO,"-34.59430160, -58.38277479",2021_2
2021-0081,1,2021,MOTO,CARGAS,"-34.63800916, -58.37627355",2021_2
2021-0082,1,2021,MOTO,AUTO,"-34.62453459, -58.39591856",2021_2
2021-0083,1,2021,MOTO,AUTO,"-34.56015762, -58.45829717",2021_2
2021-0084,1,2021,AUTO,OBJETO FIJO,"-34.64584795, -58.49142611",2021_2
2021-0085,1,2021,MOTO,OBJETO FIJO,"-34.57786555, -58.51271409",2021_2
2021-0086,1,2021,PEATON,PASAJEROS,"-34.62352826, -58.44864864",2021_2
2021-0087,1,2021,PEATON,BICICLETA,"-34.59167894, -58.37795815",2021_2
2021-0088,1,2021,MOTO,AUTO,"-34.55555257, -58.45531707",2021_2
2021-0089,1,2021,MOTO,AUTO,"-34.62140594, -58.47633683",2021_2
2021-0090,1,2021,PEATON,PASAJEROS,"-34.60256036, -58.38188582",2021_2
2021-0091,1,2021,MOTO,AUTO,"-34.62284918, -58.51989389",2021_2
2021-0092,1,2021,PEATON,AUTO,"-34.61011987, -58.40596860",2021_2
2021-0093,1,2021,MOTO,AUTO,"-34.64561636, -58.43353773",2021_2
2021-0094,1,2021,MOTO,AUTO,"-34.65117757, -58.46739825",2021_2
2021-0095,1,2021,MOTO,CARGAS,"-34.61984745, -58.47293407",2021_2
2021-0096,1,2021,AUTO,CARGAS,"-34.65021673, -58.47066794",2021_2
2021-0097,1,2021,BICICLETA,AUTO,"-34.58679619, -58.37976155",2021_2
